{"cameraMode":{"drawMode":0,"name":"Shaded","section":"Shading Mode"},"sceneLighting":true,"audioPlay":false,"sceneViewState":{"m_AlwaysRefresh":false,"showFog":true,"showSkybox":true,"showFlares":true,"showImageEffects":true,"showParticleSystems":true,"showVisualEffectGraphs":true,"m_FxEnabled":true},"in2DMode":false,"pivot":{"x":1.6194789409637452,"y":1.4452505111694337,"z":90.23506164550781},"rotation":{"x":0.2057790905237198,"y":-0.02171335369348526,"z":0.004568973556160927,"w":0.9783560037612915},"size":17.274215698242189,"orthographic":false}