{"cameraMode":{"drawMode":0,"name":"Shaded","section":"Shading Mode"},"sceneLighting":false,"audioPlay":false,"sceneViewState":{"m_AlwaysRefresh":false,"showFog":true,"showSkybox":false,"showFlares":true,"showImageEffects":true,"showParticleSystems":true,"showVisualEffectGraphs":true,"m_FxEnabled":true},"in2DMode":false,"pivot":{"x":-16.887252807617189,"y":-80.01461029052735,"z":131.02720642089845},"rotation":{"x":0.40236032009124758,"y":-0.029920805245637895,"z":0.013156994245946408,"w":0.9149447083473206},"size":110.52641296386719,"orthographic":false}